periodoEvento,nombreEvento,nombre
2018 - 2019,All Star,Skills Challenge
2018 - 2019,All Star,Representante equipo ganador
2018 - 2019,All Star,Slam Dunk
2018 - 2019,All Star,Three-Point Shootout
2018 - 2019,All Star,All-Star MVP
2018 - 2019,Temporada,Regular Season MVP
2018 - 2019,Temporada,Finals MVP
2018 - 2019,Temporada,Rookie of the Year (ROY)
2018 - 2019,Temporada,Defensive Player of the Year (DPOY)
2018 - 2019,Temporada,Most Improved Player (MIP)
2018 - 2019,Temporada,Sixth Man of the Year (SMOY)
2018 - 2019,Temporada,Coach of the Year (COTY)
2018 - 2019,Temporada,Eastern Conference Finals
2018 - 2019,Temporada,Western Conference Finals
2018 - 2019,Temporada,NBA Finals
2019 - 2020,All Star,Skills Challenge
2019 - 2020,All Star,Representante equipo ganador
2019 - 2020,All Star,Slam Dunk
2019 - 2020,All Star,Three-Point Shootout
2019 - 2020,All Star,All-Star MVP
2019 - 2020,Temporada,Regular Season MVP
2019 - 2020,Temporada,Finals MVP
2019 - 2020,Temporada,Rookie of the Year (ROY)
2019 - 2020,Temporada,Defensive Player of the Year (DPOY)
2019 - 2020,Temporada,Most Improved Player (MIP)
2019 - 2020,Temporada,Sixth Man of the Year (SMOY)
2019 - 2020,Temporada,Coach of the Year (COTY)
2019 - 2020,Temporada,Eastern Conference Finals
2019 - 2020,Temporada,Western Conference Finals
2019 - 2020,Temporada,NBA Finals
2020 - 2021,All Star,Skills Challenge
2020 - 2021,All Star,Representante equipo ganador
2020 - 2021,All Star,Slam Dunk
2020 - 2021,All Star,Three-Point Shootout
2020 - 2021,All Star,All-Star MVP
2020 - 2021,Temporada,Regular Season MVP
2020 - 2021,Temporada,Finals MVP
2020 - 2021,Temporada,Rookie of the Year (ROY)
2020 - 2021,Temporada,Defensive Player of the Year (DPOY)
2020 - 2021,Temporada,Most Improved Player (MIP)
2020 - 2021,Temporada,Sixth Man of the Year (SMOY)
2020 - 2021,Temporada,Coach of the Year (COTY)
2020 - 2021,Temporada,Eastern Conference Finals
2020 - 2021,Temporada,Western Conference Finals
2020 - 2021,Temporada,NBA Finals
2021 - 2022,All Star,Skills Challenge
2021 - 2022,All Star,Representante equipo ganador
2021 - 2022,All Star,Slam Dunk
2021 - 2022,All Star,Three-Point Shootout
2021 - 2022,All Star,All-Star MVP
2021 - 2022,Temporada,Regular Season MVP
2021 - 2022,Temporada,Finals MVP
2021 - 2022,Temporada,Rookie of the Year (ROY)
2021 - 2022,Temporada,Defensive Player of the Year (DPOY)
2021 - 2022,Temporada,Most Improved Player (MIP)
2021 - 2022,Temporada,Sixth Man of the Year (SMOY)
2021 - 2022,Temporada,Coach of the Year (COTY)
2021 - 2022,Temporada,Eastern Conference Finals
2021 - 2022,Temporada,Western Conference Finals
2021 - 2022,Temporada,NBA Finals
